Returned,Sales,Profit,State,Sub-Category
0,239.96999999999997,86.38919999999999,Washington,Accessories
0,116.28,56.977199999999996,California,Paper
0,11.96,5.8604,California,Paper
0,141.4,38.178,Indiana,Storage
0,494.97,148.49099999999996,Virginia,Phones
0,1586.6899999999998,412.5394,Michigan,Chairs
0,27.88,3.903200000000002,California,Accessories
0,389.97,132.58980000000003,Washington,Accessories
0,503.96000000000004,50.396000000000015,California,Phones
0,173.94,50.44259999999998,Virginia,Phones
0,110.352,8.276399999999995,California,Phones
0,535.41,160.62299999999993,Michigan,Storage
0,29.900000000000002,5.0829999999999975,Delaware,Storage
0,28.900000000000002,14.161000000000001,New York,Paper
0,79.78,29.5186,Indiana,Accessories
0,132.52,54.333200000000005,Washington,Accessories
0,211.168,23.756399999999985,California,Phones
0,9.24,4.4352,California,Furnishings
0,668.16,75.16799999999992,California,Phones
0,61.68,16.653600000000004,Virginia,Storage
0,43.13,14.664200000000001,Washington,Furnishings
0,39.92,11.177600000000002,Virginia,Furnishings
0,17.48,4.5448,California,Appliances
0,79.14,36.404399999999995,California,Paper
0,25.92,12.441600000000001,California,Paper
0,12.96,6.2208000000000006,New York,Paper
0,843.9,371.31600000000003,New York,Accessories
0,90.801,14.1246,New York,Chairs
0,37.68,15.825600000000001,California,Furnishings
0,107.88,10.787999999999997,California,Phones
0,19.75,5.135000000000001,Indiana,Appliances
0,354.90000000000003,17.744999999999962,California,Storage
0,193.95000000000002,9.697499999999984,Kentucky,Storage
0,29.900000000000002,13.454999999999998,Virginia,Paper
0,135.29999999999998,37.88399999999999,New York,Furnishings
0,601.536,0.0,California,Chairs
0,362.13599999999997,-54.32039999999998,California,Chairs
0,108.96000000000001,32.68799999999999,Washington,Accessories
0,101.34,8.107199999999992,New York,Accessories
0,169.68,45.8136,Washington,Storage
0,361.764,68.3332,New York,Chairs
0,21.6,9.936,New York,Paper
0,39.88,11.166400000000003,California,Furnishings
0,1325.76,149.1479999999999,California,Chairs
0,327.99600000000004,54.66600000000001,New York,Chairs
0,46.51,1.8603999999999985,Washington,Storage
0,32.400000000000006,15.552000000000001,California,Paper
0,68.52,31.519199999999998,New York,Paper
0,45.839999999999996,15.5856,Massachusetts,Furnishings
0,19.44,9.3312,California,Paper
0,9.82,3.2405999999999997,Massachusetts,Furnishings
0,12.96,6.2208000000000006,California,Paper
0,293.52,76.3152,New York,Appliances
0,52.56,18.396,New York,Appliances
0,10.56,5.0688,California,Paper
0,22.830000000000002,10.7301,California,Paper
0,599.292,93.22319999999998,New York,Chairs
0,12.84,5.777999999999999,California,Paper
0,7.38,2.140199999999999,New York,Furnishings
0,34.769999999999996,11.474099999999996,New York,Accessories
0,79.98,26.3934,Washington,Accessories
0,129.45,46.602,California,Accessories
0,145.9,62.736999999999995,California,Furnishings
0,25.68,11.555999999999997,New York,Paper
0,1424.9,356.225,Indiana,Chairs
0,783.96,219.50880000000006,New York,Phones
0,186.54,50.36580000000001,California,Storage
0,485.88,19.43519999999998,Washington,Storage
0,113.82,53.49539999999999,California,Paper
0,74.95,36.725500000000004,New York,Phones
0,885.528,-99.62190000000007,California,Chairs
0,48.72,7.308,California,Storage
0,149.95,31.489499999999992,California,Accessories
0,7.61,3.5766999999999998,California,Paper
0,89.94999999999999,43.175999999999995,New York,Phones
0,160.776,10.048500000000004,California,Phones
0,31.983999999999998,-7.9959999999999996,California,Phones
0,159.75,11.182499999999997,Indiana,Accessories
0,289.24,26.03160000000001,California,Furnishings
0,214.89999999999998,62.32099999999997,Kentucky,Appliances
0,199.98,53.99459999999999,New York,Phones
0,39.96000000000001,12.986999999999995,California,Phones
0,41.86,20.511400000000002,New York,Paper
0,37.68,10.5504,Indiana,Appliances
0,159.98,47.993999999999986,California,Accessories
0,55.76,7.806400000000004,California,Accessories
0,246.38400000000001,27.718199999999968,Washington,Phones
0,58.199999999999996,28.517999999999994,California,Furnishings
0,40.74,0.4073999999999991,New York,Storage
0,142.86,41.42939999999999,California,Storage
0,271.96,27.195999999999998,California,Phones
0,235.95000000000002,77.86349999999999,New York,Appliances
0,376.74,71.16199999999998,Michigan,Appliances
0,299.94,128.97420000000002,California,Accessories
0,151.96,36.4704,Virginia,Accessories
0,43.92,11.858400000000003,California,Appliances
0,163.96,80.3404,California,Paper
0,450.04,58.5052,Virginia,Storage
0,428.40000000000003,89.964,Washington,Accessories
0,83.98400000000001,31.494,California,Phones
0,207.18400000000003,25.897999999999982,California,Chairs
0,110.96,53.260799999999996,New York,Paper
0,123.92,55.763999999999996,Washington,Paper
0,8.96,4.3904000000000005,New York,Paper
0,229.94,6.898200000000003,Michigan,Storage
0,62.64999999999999,28.818999999999996,California,Paper
0,79.96,-17.991000000000003,Washington,Phones
0,86.352,8.635200000000001,Washington,Phones
0,60.69,16.386300000000002,Indiana,Appliances
0,12.96,6.2208000000000006,California,Paper
0,25.92,12.441600000000001,New York,Paper
0,239.96,115.1808,California,Accessories
0,271.764,48.31360000000001,New York,Chairs
0,47.9,22.991999999999997,California,Paper
0,161.568,-8.078399999999995,California,Chairs
0,225.29600000000002,22.529599999999995,California,Chairs
0,17.94,8.790600000000001,California,Paper
0,811.28,24.33839999999998,California,Storage
0,14.56,6.2608000000000015,New York,Furnishings
0,136.26,5.450399999999991,Washington,Storage
0,428.68,0.0,New York,Storage
0,32.48,4.872,Indiana,Storage
0,158.28,72.80879999999999,Indiana,Paper
0,12.96,6.2208000000000006,California,Paper
0,63.769999999999996,28.696499999999993,Indiana,Paper
0,310.12,80.6312,Washington,Storage
0,226.56,63.436800000000005,California,Storage
0,842.72,202.25279999999998,California,Furnishings
0,160.32,44.8896,New York,Appliances
0,1403.9200000000003,70.19600000000003,California,Chairs
0,73.28,21.251199999999997,Washington,Appliances
0,353.88,17.69399999999999,Washington,Storage
0,14.9,7.151999999999999,California,Paper
0,526.45,31.58699999999996,Indiana,Furnishings
0,286.93,140.5957,California,Paper
0,99.98,7.9983999999999895,New York,Accessories
0,1925.88,539.2464,Indiana,Chairs
0,79.14,36.404399999999995,Kentucky,Paper
0,21.400000000000002,10.058,Washington,Paper
0,129.39000000000001,54.34380000000001,California,Furnishings
0,2249.91,517.4793000000001,Kentucky,Accessories
0,19.76,8.2992,California,Furnishings
0,83.56,1.671199999999999,New York,Storage
0,445.96000000000004,55.74499999999995,California,Phones
0,671.93,20.157899999999998,California,Storage
0,88.4,11.492000000000004,New York,Accessories
0,119.94,23.987999999999996,California,Furnishings
0,41.86,18.837,Washington,Paper
0,114.52,11.451999999999995,Michigan,Accessories
0,13.96,6.7008,New York,Furnishings
0,60.81,17.0268,California,Appliances
0,14.82,6.224400000000001,California,Furnishings
0,67.84,18.3168,California,Appliances
0,1.98,0.891,Indiana,Accessories
0,100.0,21.0,California,Accessories
0,20.04,9.6192,New York,Paper
0,89.97,18.893699999999995,New York,Accessories
0,44.75,20.584999999999994,New York,Paper
0,35.88,16.146,Indiana,Paper
0,384.174,29.88019999999998,New York,Chairs
0,189.7,91.05599999999998,Massachusetts,Paper
0,226.56,63.436800000000005,Delaware,Storage
0,33.9,2.033999999999999,Washington,Accessories
0,9.99,4.5954,New York,Phones
0,725.84,210.4935999999999,California,Storage
0,37.52,18.009600000000002,California,Paper
0,36.839999999999996,10.315199999999999,Virginia,Storage
0,99.39000000000001,40.749900000000004,California,Accessories
0,51.449999999999996,13.891499999999999,California,Storage
0,99.98,3.9991999999999877,New York,Phones
0,61.0,25.620000000000005,Kentucky,Furnishings
0,479.97600000000006,161.9919,California,Copiers
0,11.36,5.225599999999999,New York,Paper
0,291.1,75.686,Delaware,Chairs
0,24.849999999999998,7.703499999999998,Washington,Furnishings
0,444.76800000000003,44.476800000000026,California,Phones
0,61.96,27.881999999999998,California,Paper
0,180.98,47.0548,Michigan,Chairs
0,42.624,4.262399999999998,Washington,Chairs
0,45.96,13.787999999999997,New York,Appliances
0,1704.56,511.368,New York,Appliances
0,22.830000000000002,10.7301,California,Paper
0,110.96,53.260799999999996,New York,Paper
0,90.24,41.51039999999999,California,Paper
0,775.7280000000001,58.17960000000002,California,Phones
0,146.73,2.934600000000003,Virginia,Storage
0,177.0,30.089999999999982,Washington,Accessories
0,2104.5499999999997,694.5014999999999,Virginia,Appliances
0,60.84,19.468799999999998,Virginia,Furnishings
0,19.44,9.3312,California,Paper
0,101.94,30.581999999999987,Washington,Furnishings
0,167.97,40.31280000000001,California,Accessories
0,104.85,50.327999999999996,California,Paper
0,572.1600000000001,35.75999999999996,California,Chairs
0,18.54,8.713799999999999,New York,Paper
0,717.72,71.77200000000002,California,Chairs
0,41.6,14.143999999999998,California,Furnishings
0,11.36,5.225599999999999,New York,Paper
0,323.1,61.38900000000001,California,Storage
0,419.4,201.31199999999998,New York,Paper
0,173.65600000000003,17.365599999999993,California,Phones
0,61.929,23.395400000000002,Michigan,Appliances
0,2676.672,267.6672000000001,California,Chairs
0,30.839999999999996,6.1679999999999975,New York,Accessories
0,105.96,29.668800000000005,California,Appliances
0,67.8,1.3559999999999945,New York,Phones
0,70.94999999999999,20.575499999999998,New York,Storage
0,681.4080000000001,42.58800000000002,California,Chairs
0,12.96,6.2208000000000006,California,Paper
0,225.57599999999996,22.557600000000008,California,Phones
0,222.38400000000001,22.238400000000013,California,Phones
0,119.9,43.164,California,Accessories
0,454.90000000000003,0.0,New York,Storage
0,70.98,4.968599999999995,Kentucky,Chairs
0,165.28,14.875200000000007,New York,Furnishings
0,123.136,13.85279999999998,Washington,Chairs
0,22.58,5.870799999999999,New York,Storage
0,70.98,3.5489999999999924,New York,Storage
0,595.0,95.20000000000003,California,Accessories
0,843.9,371.31600000000003,Washington,Accessories
0,210.58,12.634799999999984,California,Furnishings
0,34.05,9.534000000000002,California,Storage
0,56.96,21.075200000000002,New York,Furnishings
0,9.42,4.238999999999999,Kentucky,Paper
0,73.584,8.278199999999998,California,Phones
0,443.92,13.317600000000027,Indiana,Storage
0,17.31,5.193,Indiana,Furnishings
0,62.94,11.9586,Michigan,Storage
0,110.96,53.260799999999996,California,Paper
0,362.92,105.24679999999995,California,Storage
0,390.75,171.93000000000006,New York,Accessories
0,314.54999999999995,150.98399999999998,Michigan,Paper
0,283.92,70.98000000000002,Kentucky,Chairs
0,76.12,22.074799999999996,California,Appliances
0,179.94,50.38320000000001,Virginia,Appliances
0,799.984,249.99499999999998,New York,Copiers
0,435.26,95.75720000000001,California,Furnishings
0,14.940000000000001,7.021800000000001,Michigan,Paper
0,36.784,-8.276399999999997,California,Phones
0,72.64,21.791999999999994,California,Accessories
0,36.4,17.472,New York,Paper
0,39.96,14.3856,Virginia,Furnishings
0,67.0,32.16,Michigan,Furnishings
0,58.730000000000004,14.682500000000001,New York,Appliances
0,904.9,253.37199999999996,New York,Appliances
0,254.89999999999998,68.82300000000001,New York,Appliances
0,389.97,35.097300000000004,Michigan,Chairs
0,12.96,6.3504000000000005,New York,Paper
0,43.57,13.070999999999998,New York,Storage
0,135.72,35.2872,Indiana,Phones
0,197.72,55.36160000000001,Virginia,Appliances
0,69.08,29.013600000000004,New York,Furnishings
0,211.96,8.478399999999993,Michigan,Storage
0,104.01,14.561400000000006,Virginia,Furnishings
0,155.25,46.574999999999996,Washington,Furnishings
0,190.72000000000003,11.919999999999987,California,Chairs
0,45.36,22.226399999999998,New York,Paper
0,77.55,20.163000000000004,New York,Storage
0,116.0,29.0,California,Accessories
0,263.96,71.26920000000001,Indiana,Phones
0,44.43,18.660600000000002,Virginia,Appliances
0,6.24,2.6208000000000005,Indiana,Furnishings
0,19.44,9.3312,New York,Paper
0,13.11,3.4086000000000003,New York,Appliances
0,70.94999999999999,20.575499999999998,Michigan,Storage
0,13.38,6.1548,California,Paper
0,559.9920000000001,174.99749999999997,New York,Copiers
0,22.72,9.3152,California,Furnishings
0,135.99,36.71730000000001,New York,Phones
0,23.88,10.507200000000001,Washington,Furnishings
0,38.29,16.4647,California,Furnishings
0,43.26,14.275799999999998,California,Appliances
0,12.96,6.2208000000000006,Virginia,Paper
0,17.15,4.6305,New York,Storage
0,517.9,134.654,Michigan,Phones
0,26.2,12.052,Washington,Paper
0,142.36,38.437200000000004,Michigan,Chairs
0,184.66,84.94359999999999,New York,Paper
0,354.90000000000003,88.72500000000002,Massachusetts,Chairs
0,144.12,69.17759999999998,Michigan,Paper
0,29.78,8.040600000000001,New York,Furnishings
0,13.36,6.4128,Virginia,Paper
0,238.56,26.241599999999977,California,Furnishings
0,18.54,8.713799999999999,Michigan,Paper
0,2575.944,257.5944000000003,California,Phones
0,105.98,4.239199999999997,New York,Storage
0,59.94,28.171799999999998,Massachusetts,Paper
0,236.88,66.3264,Washington,Appliances
0,199.95000000000002,63.98399999999999,Michigan,Accessories
0,37.05,16.302,California,Furnishings
0,12.96,6.2208000000000006,California,Paper
0,21.78,5.662800000000001,California,Appliances
0,535.41,160.62299999999993,California,Storage
0,731.9399999999999,219.58199999999997,Kentucky,Chairs
0,154.9,69.705,Massachusetts,Paper
0,108.608,9.503199999999993,California,Chairs
0,32.400000000000006,15.552000000000001,Indiana,Paper
0,302.376,22.678200000000018,California,Phones
0,90.882,15.147000000000004,New York,Chairs
0,19.44,9.3312,New York,Paper
0,21.98,8.5722,Washington,Accessories
0,16.68,8.34,Virginia,Paper
0,146.73,2.934600000000003,Washington,Storage
0,311.98,93.594,Massachusetts,Phones
0,134.8,35.047999999999995,California,Storage
0,623.96,38.9975,California,Phones
0,45.36,21.772800000000004,California,Paper
0,21.98,0.21979999999999933,Michigan,Storage
0,220.96,24.857999999999983,Washington,Chairs
0,359.97600000000006,130.49130000000002,California,Phones
0,52.98,14.834400000000002,California,Appliances
0,1247.6399999999999,349.33919999999995,Washington,Storage
0,17.12,8.0464,California,Paper
0,149.9,40.473,Virginia,Chairs
0,468.90000000000003,206.31600000000006,New York,Accessories
0,459.88,13.796400000000006,New York,Storage
0,2399.6,647.892,New York,Phones
0,199.8,71.928,Washington,Furnishings
0,1799.75,539.925,New York,Phones
0,22.58,5.870799999999999,New York,Storage
0,19.44,9.3312,Michigan,Paper
0,186.54,50.36580000000001,California,Storage
0,26.38,12.134799999999998,New York,Paper
0,41.7,20.85,California,Paper
0,559.93,167.97899999999996,New York,Accessories
0,999.98,449.991,Washington,Copiers
0,7.3,3.4309999999999996,Delaware,Paper
0,1282.41,213.735,New York,Chairs
0,253.76399999999998,31.015599999999978,New York,Chairs
0,191.82,74.8098,Washington,Furnishings
0,16.06,4.175599999999999,Washington,Storage
0,13.440000000000001,6.585600000000001,California,Paper
0,19.76,8.2992,Michigan,Furnishings
0,756.8000000000001,75.67999999999998,New York,Furnishings
0,38.88,18.6624,California,Paper
0,204.89999999999998,0.0,Washington,Storage
0,29.97,0.29969999999999963,Kentucky,Phones
0,114.46,28.614999999999995,California,Storage
0,11.96,5.8604,California,Paper
0,19.44,9.3312,Washington,Paper
0,434.646,62.782199999999975,New York,Chairs
0,41.96,10.909600000000001,New York,Furnishings
0,53.82000000000001,24.218999999999998,California,Paper
0,270.62,2.706200000000024,California,Storage
0,41.22,11.1294,New York,Phones
0,114.2,52.532,Washington,Paper
0,35.910000000000004,9.695699999999999,New York,Appliances
0,657.504,-131.50080000000005,California,Phones
0,21.99,10.5552,New York,Phones
0,99.98,42.991400000000006,Michigan,Accessories
0,818.3760000000001,51.148499999999984,California,Phones
0,479.93999999999994,52.79340000000002,California,Accessories
0,1619.91,97.19459999999992,New York,Accessories
0,19.44,9.3312,New York,Paper
0,706.86,197.92079999999999,New York,Appliances
0,8.74,2.2724,New York,Appliances
0,772.68,108.17520000000002,New York,Storage
0,3023.9280000000003,226.79460000000006,California,Phones
0,299.96999999999997,131.98680000000002,California,Accessories
0,155.82000000000002,42.07140000000001,California,Storage
0,28.784,2.878400000000001,California,Phones
0,26.96,3.7744,California,Accessories
0,81.08,22.702400000000004,California,Appliances
0,631.96,303.3408,New York,Phones
0,641.96,179.74880000000002,Virginia,Chairs
0,585.552,73.19399999999996,Washington,Chairs
0,259.96,124.7808,Indiana,Phones
0,13.620000000000001,6.129,Virginia,Paper
0,128.9,15.468000000000004,California,Furnishings
0,119.96,52.78240000000001,New York,Accessories
0,38.88,18.6624,California,Paper
0,383.64,122.7648,California,Furnishings
0,73.85,2.215500000000006,Massachusetts,Storage
0,15.51,4.3428,California,Storage
0,149.97,52.48949999999999,Delaware,Accessories
0,447.93,49.27229999999999,Washington,Accessories
0,175.23,61.3305,Michigan,Accessories
0,6.48,3.1104000000000003,California,Paper
0,158.9,7.944999999999993,California,Storage
0,11.56,5.6644000000000005,California,Paper
0,14.78,3.9906000000000006,Michigan,Phones
0,13.98,6.011400000000001,Washington,Accessories
0,279.85999999999996,134.33279999999996,New York,Phones
0,33.94,9.163799999999998,Kentucky,Chairs
0,11.82,4.728,New York,Furnishings
0,207.48,62.24399999999997,New York,Appliances
0,449.15,8.98299999999999,California,Storage
0,80.96,34.8128,Washington,Furnishings
0,427.644,80.77719999999998,New York,Chairs
0,1029.95,298.6855,New York,Phones
0,124.41,14.929199999999994,Delaware,Furnishings
0,40.74,0.4073999999999991,Washington,Storage
0,113.78999999999999,20.48219999999999,New York,Furnishings
0,39.98,13.593199999999996,New York,Accessories
0,166.44,79.8912,California,Paper
0,5.88,2.8811999999999998,New York,Paper
0,90.57000000000001,11.774100000000004,Washington,Accessories
0,199.764,8.878399999999996,New York,Chairs
0,533.9399999999999,154.84259999999995,New York,Appliances
0,1075.088,94.07019999999994,California,Phones
0,121.3,25.473,Indiana,Furnishings
0,1487.04,148.70400000000006,California,Chairs
0,704.25,84.51,Massachusetts,Storage
0,79.45,22.246000000000006,Massachusetts,Storage
0,377.92800000000005,141.723,California,Phones
0,484.65000000000003,92.08350000000002,California,Storage
0,187.76,76.9816,California,Furnishings
0,85.44,31.612800000000004,California,Furnishings
0,26.64,7.459199999999999,Michigan,Chairs
0,56.7,27.782999999999998,California,Paper
0,299.9,74.975,New York,Phones
0,62.18,16.788600000000002,California,Storage
0,405.64,12.16919999999999,California,Storage
0,83.97,23.511599999999998,Delaware,Phones
0,64.96,2.598399999999998,New York,Storage
0,191.82,74.8098,Kentucky,Furnishings
0,459.95,18.397999999999968,New York,Storage
0,555.21,178.901,Michigan,Appliances
0,842.3520000000001,42.11760000000004,California,Chairs
0,666.344,66.63439999999997,California,Phones
0,17.94,8.790600000000001,Massachusetts,Paper
0,77.52,37.9848,New York,Paper
0,6.28,2.6376000000000004,California,Furnishings
0,203.92,22.940999999999995,California,Chairs
0,357.0,57.12000000000002,New York,Accessories
0,97.16,28.176399999999987,Washington,Appliances
0,36.269999999999996,10.880999999999997,Virginia,Appliances
0,119.96,33.588800000000006,New York,Phones
0,414.96,124.48799999999994,New York,Appliances
0,12.96,6.3504000000000005,Virginia,Paper
0,767.214,161.96739999999997,New York,Chairs
0,51.84,24.883200000000002,Washington,Paper
0,10.56,4.752,Michigan,Paper
0,487.96,146.38799999999998,Michigan,Chairs
0,332.94,79.90559999999999,Virginia,Chairs
0,9.11,4.099499999999999,Virginia,Paper
0,211.168,15.837600000000009,California,Phones
0,166.72,41.68000000000001,New York,Storage
0,8.82,4.0572,California,Paper
0,7.88,2.5215999999999994,New York,Accessories
0,915.1360000000001,102.95279999999988,California,Chairs
0,63.93600000000001,6.393599999999996,California,Chairs
0,301.96,33.215599999999995,Michigan,Chairs
0,182.72,84.0512,California,Paper
0,21.400000000000002,9.629999999999999,California,Paper
0,29.46,9.721799999999998,Virginia,Furnishings
0,44.94,12.5832,New York,Storage
0,344.90999999999997,10.347300000000004,California,Storage
0,604.768,60.476800000000026,Washington,Phones
0,555.96,41.697,California,Phones
0,194.7,9.734999999999978,Virginia,Storage
0,132.79,63.7392,New York,Paper
0,975.92,292.77599999999995,Kentucky,Chairs
0,99.39000000000001,40.749900000000004,Indiana,Accessories
0,106.96,31.018399999999986,California,Appliances
0,449.56800000000004,-73.05480000000007,Washington,Chairs
0,227.28,2.2727999999999895,Washington,Storage
0,17.04,7.667999999999999,New York,Paper
0,826.11,322.1829,Virginia,Appliances
0,84.94999999999999,22.086999999999996,New York,Phones
0,137.94,35.864399999999996,New York,Phones
0,377.96999999999997,94.4925,Delaware,Phones
0,387.136,4.839199999999991,California,Chairs
0,128.85000000000002,3.8654999999999973,New York,Phones
0,14.98,6.8908000000000005,New York,Furnishings
0,105.52,48.539199999999994,Virginia,Paper
0,97.82,45.97539999999999,California,Paper
0,310.12,80.6312,California,Storage
0,12.96,6.2208000000000006,California,Paper
0,68.52,31.519199999999998,Michigan,Paper
0,34.019999999999996,16.6698,Indiana,Paper
0,25.4,8.636,California,Furnishings
0,6.48,3.1104000000000003,New York,Paper
0,109.8,46.11600000000001,Virginia,Furnishings
0,3.48,1.1136,California,Furnishings
0,104.9,25.176,Massachusetts,Storage
0,87.92,0.8791999999999973,California,Storage
0,31.68,9.820799999999998,New York,Furnishings
0,19.92,9.362400000000001,Michigan,Paper
0,26.400000000000002,11.879999999999999,New York,Paper
0,179.97,86.38560000000001,Washington,Accessories
0,1516.2,394.212,Indiana,Chairs
0,42.92999999999999,19.318499999999997,New York,Paper
0,83.92,5.874399999999994,Michigan,Storage
0,1117.92,55.89599999999996,New York,Storage
0,61.192,6.119200000000001,California,Phones
0,1928.7800000000002,829.3754000000002,Michigan,Accessories
0,1599.92,751.9624,Virginia,Copiers
0,107.97,22.6737,California,Accessories
0,62.82000000000001,30.7818,Virginia,Furnishings
0,11.56,5.6644000000000005,Michigan,Paper
0,333.576,33.35760000000002,California,Phones
0,17.61,8.4528,California,Paper
0,311.97600000000006,38.996999999999986,California,Phones
0,168.1,43.705999999999996,California,Appliances
0,37.94,18.211199999999998,New York,Paper
0,5.28,2.376,Washington,Paper
0,1399.93,601.9699,New York,Accessories
0,192.18600000000004,36.3018,New York,Chairs
0,31.400000000000002,10.047999999999998,Michigan,Furnishings
0,242.94,4.858800000000016,Washington,Storage
0,36.599999999999994,15.372000000000002,California,Furnishings
0,32.75,15.065,California,Paper
0,208.44,62.53199999999998,Kentucky,Appliances
0,1199.976,434.9913,California,Copiers
0,196.784,-22.138200000000012,Washington,Chairs
0,872.32,244.2496,Massachusetts,Chairs
0,120.0,13.200000000000003,New York,Accessories
0,80.3,20.877999999999997,California,Storage
0,241.44,72.43199999999999,California,Appliances
0,22.14,6.420599999999998,Washington,Furnishings
0,39.0,17.549999999999997,California,Accessories
0,11.94,5.97,California,Paper
0,53.88,22.629600000000003,Michigan,Furnishings
0,899.91,395.96040000000005,New York,Accessories
0,3.38,1.5547999999999997,Delaware,Paper
0,107.44,27.934399999999997,New York,Storage
0,603.92,-67.941,California,Chairs
0,66.97600000000001,6.697600000000001,California,Phones
0,676.55,6.76550000000006,California,Storage
0,146.76,38.1576,Kentucky,Appliances
0,1101.48,429.57720000000006,California,Appliances
0,12.96,6.2208000000000006,New York,Paper
0,587.97,170.51129999999998,Kentucky,Phones
0,29.96,13.481999999999998,California,Paper
0,583.8,72.97499999999991,California,Phones
0,91.96,15.633199999999988,California,Furnishings
0,159.98,57.5928,California,Accessories
0,15.984000000000002,1.1988000000000003,California,Phones
0,72.48,30.4416,New York,Accessories
0,53.72,15.041600000000003,California,Storage
0,187.98,52.6344,Virginia,Phones
0,99.98,7.9983999999999895,California,Accessories
0,539.92,47.24299999999997,California,Phones
0,286.38,83.05019999999998,Virginia,Furnishings
0,177.568,8.878399999999992,Washington,Chairs
0,101.4,38.532000000000004,New York,Furnishings
0,177.48000000000002,19.966499999999982,Washington,Phones
0,199.98,83.9916,New York,Accessories
0,249.75,44.95499999999998,California,Storage
0,22.96,11.2504,California,Paper
0,866.4,225.264,Kentucky,Chairs
0,1117.92,55.89599999999996,California,Storage
0,33.45,15.387,Indiana,Paper
0,477.6,161.19000000000003,California,Phones
0,53.25,20.7675,California,Accessories
0,50.0,10.5,California,Accessories
0,6.48,3.1104000000000003,Washington,Paper
0,58.24,15.724800000000002,California,Appliances
0,8.0,3.84,California,Paper
0,41.96,10.909600000000001,California,Furnishings
0,83.97,15.954299999999993,Indiana,Accessories
0,140.67000000000002,54.86130000000001,California,Appliances
0,61.44,16.5888,Indiana,Appliances
0,270.0,97.19999999999999,California,Accessories
0,549.99,274.995,Michigan,Copiers
0,415.9680000000001,51.99599999999998,California,Phones
0,248.07999999999998,116.59759999999997,Washington,Paper
0,109.92,53.8608,Michigan,Paper
0,65.99,17.157400000000003,Kentucky,Phones
0,239.98400000000004,23.998400000000004,California,Phones
0,25.92,12.441600000000001,California,Paper
0,209.7,100.65599999999999,Michigan,Paper
0,104.88,41.952000000000005,Michigan,Accessories
0,123.96000000000001,11.156400000000005,California,Furnishings
0,25.83,9.557099999999998,California,Furnishings
0,19.44,9.3312,Washington,Paper
0,241.96,60.49000000000001,California,Appliances
0,24.27,8.7372,California,Furnishings
0,163.44,45.76320000000001,Kentucky,Appliances
0,1059.12,307.1447999999999,Virginia,Chairs
0,50.0,10.5,Washington,Accessories
0,11.21,3.3629999999999995,New York,Storage
0,31.08,15.229199999999999,California,Paper
0,9.96,4.6812000000000005,New York,Paper
0,19.44,9.3312,California,Paper
0,129.98,62.3904,New York,Phones
0,125.97600000000001,47.241,California,Phones
0,1349.91,661.4559,New York,Phones
0,61.96,27.881999999999998,California,Paper
0,4.54,2.0429999999999997,Michigan,Paper
0,42.76,11.1176,California,Storage
0,13.98,3.9144000000000005,New York,Phones
0,25.68,11.555999999999997,California,Paper
0,53.2,14.896000000000003,California,Furnishings
0,29.98,8.0946,Indiana,Chairs
0,53.72,13.967199999999998,Michigan,Storage
0,24.56,11.543199999999999,Massachusetts,Paper
0,301.96,90.58799999999997,Kentucky,Chairs
0,113.88800000000002,9.9652,California,Chairs
0,88.752,11.093999999999998,California,Phones
0,579.528,83.70959999999997,New York,Chairs
0,332.94,6.658799999999999,California,Storage
0,269.35999999999996,70.03359999999999,Washington,Storage
0,176.04,45.770399999999995,California,Appliances
0,107.53,21.506,Washington,Furnishings
0,94.6,27.433999999999997,New York,Storage
0,539.97,134.9925,Kentucky,Phones
0,323.1,61.38900000000001,Washington,Storage
0,1007.9440000000002,75.5958,Washington,Phones
0,31.56,10.4148,California,Furnishings
0,133.98,33.495000000000005,New York,Phones
0,65.78,32.2322,New York,Paper
0,476.8,119.19999999999999,Michigan,Chairs
0,10.9,3.0520000000000005,Michigan,Phones
0,16.74,4.352399999999999,California,Furnishings
0,17.64,8.1144,New York,Paper
0,5.47,2.3521,Michigan,Furnishings
0,40.48,15.787199999999999,New York,Furnishings
0,119.96,7.497499999999999,California,Phones
0,54.96,26.9304,New York,Paper
0,195.184,19.518400000000007,California,Chairs
0,159.8,70.31200000000001,Indiana,Accessories
0,48.84,13.186800000000005,California,Storage
0,318.08,34.98879999999997,Kentucky,Furnishings
0,14.73,4.860899999999999,California,Furnishings
0,375.34,18.766999999999996,Indiana,Storage
0,377.96999999999997,109.61129999999999,New York,Phones
0,457.56800000000004,51.47639999999994,Washington,Chairs
0,29.29,9.665699999999998,California,Accessories
0,61.96,27.881999999999998,Washington,Paper
0,114.2,52.532,Michigan,Paper
0,96.96000000000001,33.93599999999999,California,Furnishings
0,1487.976,185.99699999999984,California,Phones
0,71.952,5.396399999999996,California,Phones
0,587.97,164.63160000000005,Kentucky,Phones
0,159.98,57.5928,Washington,Accessories
0,26.400000000000002,11.879999999999999,Indiana,Paper
0,259.7,106.477,New York,Furnishings
0,37.94,18.211199999999998,Washington,Paper
0,3785.2920000000004,420.5880000000002,New York,Chairs
0,348.56,104.56799999999998,Kentucky,Storage
0,201.04,54.2808,California,Furnishings
0,479.98400000000004,89.99699999999999,California,Copiers
0,12.96,6.2208000000000006,California,Paper
0,117.57600000000002,11.75760000000001,California,Phones
0,71.12,22.047199999999997,Indiana,Furnishings
0,1454.4900000000002,378.16740000000004,Indiana,Phones
0,31.68,14.256,Indiana,Paper
0,45.68,21.0128,California,Paper
0,166.16,59.8176,California,Accessories
0,127.94999999999999,21.751499999999986,California,Furnishings
0,1979.89,494.9725,New York,Phones
0,12.96,6.3504000000000005,California,Paper
0,629.0999999999999,301.96799999999996,Kentucky,Paper
0,22.58,5.870799999999999,New York,Storage
0,258.9,93.204,Massachusetts,Accessories
0,22.0,5.5,New York,Phones
0,6.68,3.2064,Washington,Paper
0,68.16,27.945600000000002,New York,Furnishings
0,22.14,6.420599999999998,Washington,Furnishings
0,227.45999999999998,65.96339999999998,New York,Phones
0,107.984,9.448599999999995,Washington,Phones
0,75.06,33.776999999999994,New York,Paper
0,84.784,-20.136200000000006,California,Phones
0,49.12,23.086399999999998,New York,Paper
0,85.3,14.50099999999999,Massachusetts,Furnishings
0,3359.952,1049.985,California,Copiers
0,361.96,101.34879999999998,California,Appliances
0,128.744,-28.96739999999999,California,Phones
0,67.15,16.7875,New York,Storage
0,17.94,3.0497999999999985,New York,Storage
0,59.699999999999996,26.864999999999995,California,Appliances
0,111.15,48.906000000000006,Virginia,Furnishings
0,12.96,6.2208000000000006,Michigan,Paper
0,78.8,1.5760000000000076,New York,Storage
0,714.3000000000001,207.14699999999993,Massachusetts,Storage
0,6.48,3.1104000000000003,Washington,Paper
0,81.98,40.1702,Washington,Paper
0,659.9,217.76699999999994,New York,Accessories
0,33.4,16.032,California,Paper
0,106.68,33.07079999999999,California,Furnishings
0,283.14000000000004,72.35799999999998,Michigan,Appliances
0,209.96999999999997,58.7916,New York,Phones
0,12.56,4.0192,New York,Furnishings
0,39.48,11.054400000000001,Delaware,Appliances
0,451.15199999999993,0.0,California,Chairs
0,81.98,40.1702,California,Paper
0,623.96,38.9975,California,Phones
0,92.52,24.980400000000007,California,Storage
0,1879.96,545.1883999999998,Indiana,Phones
0,18.28,6.215199999999999,California,Furnishings
0,208.16,56.20320000000001,New York,Appliances
0,371.96999999999997,66.95459999999997,California,Accessories
0,304.23,9.126899999999992,California,Storage
0,13.52,6.219199999999999,New York,Paper
0,30.44,14.306799999999999,New York,Paper
0,15.14,0.605599999999999,Kentucky,Storage
0,19.9,8.954999999999998,New York,Appliances
0,155.35,0.0,Virginia,Phones
0,93.98,13.157200000000003,Washington,Accessories
0,826.0,214.76,Kentucky,Storage
0,29.74,4.461000000000002,California,Storage
0,24.56,11.543199999999999,California,Paper
0,892.224,89.22240000000002,California,Chairs
0,109.9,37.366,Washington,Furnishings
0,48.91,22.987699999999997,California,Paper
0,139.04,38.931200000000004,California,Storage
0,12.96,6.2208000000000006,New York,Paper
0,120.0,46.800000000000004,California,Accessories
0,19.44,9.3312,Massachusetts,Paper
0,62.31,22.4316,California,Accessories
0,146.82,73.41,California,Paper
0,20.34,9.356399999999999,Washington,Paper
0,106.96,31.018399999999986,California,Appliances
0,17.94,8.073,California,Paper
0,259.98,88.39320000000001,Massachusetts,Accessories
0,699.98,195.99440000000004,Kentucky,Phones
0,14.9,1.0429999999999984,New York,Storage
0,10.99,4.2861,California,Accessories
0,59.98,25.1916,Michigan,Accessories
0,479.97,163.1898,California,Accessories
0,1931.04,321.8399999999999,New York,Chairs
0,435.16800000000006,-59.83560000000004,Washington,Chairs
0,31.96,1.597999999999999,California,Furnishings
0,28.16,13.235199999999999,Indiana,Paper
0,63.56,3.1779999999999973,California,Storage
0,547.3000000000001,175.13599999999997,New York,Furnishings
0,18.0,3.2399999999999984,Kentucky,Accessories
0,97.82,45.97539999999999,New York,Paper
0,872.94,226.96439999999998,Michigan,Chairs
0,45.68,21.0128,Washington,Paper
0,155.82,63.8862,New York,Furnishings
0,59.9,23.96,New York,Accessories
0,35.2,16.543999999999997,California,Paper
0,239.96999999999997,71.99099999999999,New York,Accessories
0,1141.9379999999999,139.5701999999999,New York,Chairs
0,337.98,101.39399999999998,New York,Phones
0,1591.02,286.3835999999999,New York,Storage
0,6.16,2.9568,Indiana,Furnishings
0,156.79200000000003,13.719300000000004,Washington,Phones
0,11.56,5.6644000000000005,New York,Paper
0,19.44,9.3312,Washington,Paper
0,50.97,9.174599999999998,New York,Furnishings
0,431.97600000000006,26.998499999999993,Washington,Phones
0,377.96999999999997,94.4925,Michigan,Phones
0,124.36,27.3592,New York,Furnishings
0,12.22,3.6659999999999986,Michigan,Furnishings
0,273.96,71.2296,Michigan,Furnishings
0,36.51,15.699300000000001,California,Accessories
0,193.86,11.631599999999992,New York,Storage
0,1139.92,284.98,Virginia,Chairs
0,201.584,12.599000000000004,California,Phones
0,61.1,18.32999999999999,Virginia,Furnishings
0,45.99,13.3371,New York,Phones
0,41.28,18.988799999999998,New York,Paper
0,314.54999999999995,150.98399999999998,California,Paper
0,17.34,8.4966,Michigan,Paper
0,77.92,34.284800000000004,California,Furnishings
0,11.96,5.8604,Washington,Paper
0,192.16,92.23679999999999,Washington,Paper
0,45.36,22.226399999999998,California,Paper
0,1268.82,266.4521999999999,Delaware,Chairs
0,305.01,76.2525,California,Storage
0,571.44,165.71759999999995,Virginia,Storage
0,584.82,70.17840000000002,Kentucky,Storage
0,12.419999999999998,4.4712,California,Furnishings
0,479.97,177.58890000000002,California,Accessories
0,212.64,99.94079999999998,California,Paper
0,22.0,1.375,California,Phones
0,272.94,0.0,New York,Storage
0,56.56,15.2712,California,Storage
0,148.02,41.44560000000001,California,Furnishings
0,110.376,12.417299999999997,California,Phones
0,87.8,43.9,New York,Phones
0,312.03000000000003,43.68420000000002,California,Furnishings
0,255.93600000000004,28.79279999999997,California,Phones
0,1159.056,43.464599999999905,California,Chairs
0,35.04,12.264,Virginia,Appliances
0,98.16,9.815999999999995,Washington,Accessories
0,95.94,9.594000000000001,Kentucky,Storage
0,203.92,55.058400000000006,Virginia,Appliances
0,677.58,176.1708,New York,Phones
0,60.84,23.1192,Michigan,Furnishings
0,2054.2720000000004,256.78399999999976,California,Chairs
0,254.96999999999997,91.7892,California,Accessories
0,2404.704,150.29399999999998,Washington,Chairs
0,41.94,15.098399999999998,California,Accessories
0,167.292,29.7408,Michigan,Appliances
0,99.87,23.968799999999998,New York,Storage
0,496.86,24.842999999999947,Michigan,Storage
0,9.46,3.689400000000001,California,Furnishings
0,26.400000000000002,12.672,California,Paper
0,45.0,4.950000000000001,Delaware,Accessories
0,26.400000000000002,0.0,California,Storage
0,79.47,22.251600000000003,California,Appliances
0,39.98,9.994999999999997,New York,Furnishings
0,12.07,3.9831000000000003,New York,Furnishings
0,344.90999999999997,10.347300000000004,Washington,Storage
0,68.6,18.522,New York,Storage
0,728.82,29.15279999999997,California,Storage
0,238.0,38.08000000000001,New York,Accessories
0,109.48,33.9388,New York,Furnishings
0,15.84,4.910399999999999,Washington,Furnishings
0,177.48000000000002,19.966499999999982,California,Phones
0,146.45,48.32849999999999,Kentucky,Accessories
0,37.52,18.009600000000002,California,Paper
0,39.96,18.7812,New York,Paper
0,20.784000000000002,-4.6764,Washington,Phones
0,538.9200000000001,80.838,Washington,Accessories
1,69.48,20.843999999999994,California,Appliances
1,50.96,25.48,California,Paper
1,418.32,117.12960000000004,Michigan,Storage
1,123.858,46.790800000000004,Michigan,Appliances
1,639.9680000000001,215.98919999999998,California,Copiers
1,52.76,24.269599999999997,California,Paper
1,81.568,9.176399999999997,California,Chairs
1,97.18400000000001,6.074000000000002,California,Chairs
1,18.96,7.584000000000001,California,Furnishings
1,91.96,15.633199999999988,California,Furnishings
1,33.11,12.912900000000004,California,Furnishings
1,19.44,9.3312,California,Paper
1,55.48,26.630399999999998,California,Paper
1,12.96,6.2208000000000006,California,Paper
1,87.84,23.716800000000006,California,Appliances
1,24.900000000000002,8.216999999999999,California,Furnishings
1,21.12,9.504,California,Paper
1,191.976,19.197599999999994,California,Phones
1,70.56,23.990399999999994,California,Furnishings
1,32.400000000000006,15.552000000000001,California,Paper
1,10.56,0.0,California,Storage
1,112.64800000000001,11.264799999999997,California,Chairs
1,56.56,15.2712,California,Storage
1,8.62,2.2412,California,Appliances
1,659.9760000000001,49.49819999999997,California,Phones
1,569.5680000000001,7.119599999999906,Washington,Chairs
1,149.73000000000002,43.421699999999994,Washington,Storage
1,290.98,75.6548,Virginia,Chairs
1,33.4,16.032,Washington,Paper
1,638.2880000000001,-31.914400000000015,California,Chairs
1,239.96999999999997,26.39670000000001,California,Accessories
1,37.74,12.831599999999996,California,Furnishings
1,38.24,-9.56,California,Phones
1,269.98,67.495,New York,Phones
1,99.9,47.952000000000005,New York,Paper
1,39.08,14.459599999999998,New York,Furnishings
1,30.28,1.211199999999998,Washington,Storage
1,57.92999999999999,16.2204,Washington,Storage
1,35.34,13.429200000000002,Washington,Furnishings
1,81.92,22.1184,California,Appliances
1,889.5360000000001,66.71519999999998,California,Phones
1,892.224,89.22240000000002,California,Chairs
1,223.92,109.7208,California,Paper
1,23.12,11.328800000000001,California,Paper
1,152.91,42.8148,California,Appliances
1,92.94,41.82299999999999,California,Paper
1,195.136,-12.196000000000005,California,Chairs
1,164.646,12.805799999999994,New York,Chairs
1,22.68,11.113199999999999,New York,Paper
1,479.95,129.5865,Delaware,Phones
1,166.44,79.8912,Delaware,Paper
1,9.24,4.4352,California,Furnishings
1,68.46,20.537999999999997,Washington,Furnishings
1,963.1360000000001,108.35279999999986,Washington,Chairs
1,88.77600000000001,7.767900000000001,Washington,Phones
1,11.76,5.7623999999999995,Washington,Paper
1,167.94,82.2906,Washington,Paper
1,3.89,1.0114,Washington,Appliances
1,283.92,17.74500000000002,California,Chairs
1,46.76,22.4448,New York,Paper
1,1259.97,327.59220000000005,New York,Phones
1,242.13600000000002,12.106799999999993,California,Chairs
1,19.96,5.588800000000001,California,Furnishings
1,340.92,3.4091999999999842,California,Storage
1,17.46,5.936399999999999,California,Furnishings
1,104.85,50.327999999999996,California,Paper
1,19.92,9.760800000000001,California,Paper
1,43.019999999999996,15.4872,California,Furnishings
1,73.67999999999999,34.629599999999996,Washington,Paper
1,139.92,23.786399999999986,Washington,Furnishings
1,107.88,10.787999999999997,Washington,Phones
1,33.29,7.989599999999999,Washington,Storage
1,45.36,21.772800000000004,California,Paper
1,262.24,78.672,California,Appliances
1,182.72,84.0512,California,Paper
1,131.6,7.896000000000001,California,Accessories
1,68.52,31.519199999999998,California,Paper
1,74.94,14.238599999999995,California,Storage
1,287.88,35.985,California,Phones
1,579.9499999999999,168.18549999999993,Virginia,Phones
1,29.12,12.521600000000003,Virginia,Furnishings
1,134.85000000000002,37.757999999999996,Indiana,Phones
1,38.88,19.0512,California,Paper
1,991.1999999999999,257.712,New York,Storage
1,879.984,329.994,New York,Copiers
1,198.46,99.23,California,Furnishings
1,321.92,96.576,California,Appliances
1,879.984,329.994,California,Copiers
1,230.28000000000003,23.02799999999999,California,Chairs
1,116.28,56.977199999999996,California,Paper
1,354.90000000000003,17.744999999999962,California,Storage
1,33.0,8.25,New York,Phones
1,249.95000000000002,87.48249999999999,New York,Accessories
1,6.48,3.1104000000000003,California,Paper
1,601.3,198.42899999999997,New York,Appliances
1,16.99,4.417399999999999,New York,Phones
1,287.96999999999997,80.6316,New York,Phones
1,44.82000000000001,21.065400000000004,New York,Paper
1,91.96,15.633199999999988,California,Furnishings
1,258.576,19.393200000000007,California,Phones
1,29.6,13.32,California,Paper
1,12.96,6.3504000000000005,California,Paper
1,26.48,10.0624,California,Furnishings
1,26.72,12.8256,California,Paper
1,20.04,9.6192,California,Paper
1,795.48,7.954799999999963,California,Storage
1,21.560000000000002,6.899199999999999,California,Furnishings
1,80.98,3.2391999999999967,California,Storage
1,947.1700000000001,9.471700000000084,California,Storage
1,61.96,27.881999999999998,California,Paper
1,59.97,13.793099999999999,California,Accessories
1,761.5440000000001,66.63510000000002,California,Phones
1,45.36,21.772800000000004,California,Paper
1,244.54999999999998,4.891000000000005,New York,Storage
1,13.98,6.011400000000001,New York,Accessories
1,899.95,53.99699999999996,New York,Accessories
1,211.04,97.07839999999999,California,Paper
1,594.816,59.481600000000014,California,Chairs
1,1049.44,440.76480000000004,California,Accessories
1,170.35200000000003,-17.035200000000003,California,Chairs
1,39.96000000000001,3.4964999999999993,California,Phones
1,34.08,15.335999999999999,California,Paper
1,30.18,13.8828,Washington,Paper
1,450.0,162.0,California,Accessories
1,29.22,12.856800000000002,California,Furnishings
1,120.78399999999999,-13.5882,California,Chairs
1,142.04,38.35080000000001,New York,Storage
1,321.552,20.09700000000001,California,Phones
1,119.85000000000001,52.73400000000001,Delaware,Accessories
1,587.97,170.51129999999998,Delaware,Phones
1,374.37600000000003,46.79699999999998,California,Phones
1,99.99,34.9965,California,Accessories
1,435.16800000000006,-59.83560000000004,California,Chairs
1,15.8,4.1080000000000005,California,Appliances
1,72.9,26.973000000000003,California,Furnishings
1,7.992000000000001,2.6972999999999994,California,Phones
1,12.35,5.434,Washington,Furnishings
1,485.88,9.717600000000033,Washington,Storage
1,25.92,12.441600000000001,Washington,Paper
1,197.58,53.346599999999995,Washington,Storage
1,166.5,21.64500000000001,California,Furnishings
1,360.38,93.6988,California,Storage
1,31.92,8.299199999999999,California,Storage
1,433.56800000000004,-65.03520000000005,California,Chairs
1,265.93,63.8232,Washington,Accessories
1,8.56,3.8519999999999994,New York,Paper
1,11.56,5.6644000000000005,New York,Paper
1,38.88,18.6624,California,Paper
1,183.84,62.5056,California,Furnishings
1,109.92,53.8608,California,Paper
1,13.36,6.4128,California,Paper
1,30.56,10.3904,California,Furnishings
1,111.96,54.8604,California,Paper
1,148.48,16.703999999999986,California,Phones
1,7.42,3.71,California,Paper
1,71.992,-0.899900000000013,California,Chairs
1,1702.12,510.63599999999985,California,Appliances
1,90.86,26.349399999999992,California,Appliances
1,66.36,26.544000000000004,California,Furnishings
1,24.14,7.966200000000001,California,Furnishings
1,31.44,8.488800000000001,California,Storage
1,83.79,22.623299999999997,California,Appliances
1,159.96000000000004,17.99549999999998,California,Phones
1,73.584,8.278199999999998,California,Phones
1,6.48,3.1104000000000003,California,Paper
1,698.3520000000001,52.37639999999996,Washington,Chairs
1,99.6,36.852,Washington,Accessories
1,96.08,46.118399999999994,California,Paper
1,191.96,51.829200000000014,Kentucky,Chairs
1,469.95,131.586,Kentucky,Phones
1,209.88,35.67959999999998,Kentucky,Furnishings
1,481.32,125.14319999999998,California,Storage
1,13.36,6.4128,California,Paper
1,541.4399999999999,157.01759999999993,California,Appliances
1,19.44,9.3312,California,Paper
1,1287.45,244.61549999999988,California,Accessories
1,168.1,43.705999999999996,California,Appliances
1,21.8,6.104000000000001,Virginia,Phones
1,79.92,34.36560000000001,Washington,Furnishings
1,69.98,13.296199999999999,Washington,Accessories
1,19.8,1.7325,California,Phones
1,143.952,17.99399999999998,California,Phones
1,19.44,9.3312,California,Paper
1,46.349999999999994,21.784499999999998,New York,Paper
1,223.92,109.7208,New York,Paper
1,286.85999999999996,80.32079999999999,Massachusetts,Appliances
1,979.95,284.18549999999993,Massachusetts,Phones
1,320.88,93.05519999999996,California,Appliances
1,23.88,10.507200000000001,California,Furnishings
1,26.76,12.3096,California,Paper
1,339.96,122.38559999999998,California,Accessories
1,20.04,9.6192,California,Paper
1,35.44,16.656799999999997,California,Paper
1,43.120000000000005,20.697599999999998,California,Furnishings
1,72.74400000000001,-15.458100000000007,California,Phones
1,572.1600000000001,35.75999999999996,California,Chairs
1,94.67999999999999,31.244399999999995,California,Furnishings
1,23.669999999999998,0.946799999999997,California,Storage
1,1091.1680000000001,68.19799999999998,California,Phones
1,20.56,9.663199999999998,California,Paper
1,273.96,71.2296,Virginia,Furnishings
1,89.97,18.893699999999995,Virginia,Accessories
1,756.8000000000001,75.67999999999998,Virginia,Furnishings
1,20.04,9.6192,California,Paper
1,64.96,2.598399999999998,California,Storage
1,12.96,6.2208000000000006,California,Paper
1,46.32,18.0648,California,Accessories
1,167.888,14.690199999999997,Washington,Chairs
1,43.099999999999994,11.206,California,Appliances
1,511.5,132.99,California,Furnishings
1,201.584,20.158400000000015,California,Phones
1,83.98400000000001,31.494,California,Phones
1,194.35200000000003,19.43520000000001,California,Chairs
1,19.36,9.2928,California,Paper
1,19.3,5.789999999999999,California,Furnishings
1,192.16,92.23679999999999,New York,Paper
1,39.0,11.309999999999999,California,Appliances
1,44.46,14.671799999999998,California,Furnishings
1,279.96,17.497500000000016,California,Phones
1,25.92,12.441600000000001,California,Paper
1,40.46,19.825400000000002,California,Paper
1,33.87,8.806199999999999,California,Storage
1,26.25,11.025000000000002,California,Furnishings
1,219.18400000000003,19.178600000000003,California,Phones
1,144.12,69.17759999999998,Michigan,Paper
1,15.96,7.98,Michigan,Paper
1,79.44,30.1872,New York,Furnishings
1,127.76400000000001,21.294000000000008,New York,Chairs
1,2799.944,1014.9797,New York,Copiers
1,19.44,9.3312,New York,Paper
1,22.919999999999998,11.230799999999999,California,Paper
1,26.400000000000002,11.879999999999999,California,Paper
1,41.88,0.8375999999999983,California,Storage
1,544.008,40.8006,California,Chairs
1,59.94,28.171799999999998,California,Paper
1,23.92,11.7208,California,Paper
1,4.28,1.9259999999999997,California,Paper
1,28.14,13.507200000000001,California,Paper
1,274.89,46.73129999999996,California,Accessories
1,218.35200000000003,-19.105800000000016,California,Chairs
1,199.89999999999998,39.97999999999999,Washington,Furnishings
1,31.176000000000002,-7.0146,Washington,Phones
1,72.784,0.0,California,Chairs
1,97.84,25.4384,California,Appliances
1,51.75,15.524999999999999,California,Furnishings
1,431.9680000000001,37.797199999999975,California,Phones
1,129.92,10.393599999999992,California,Furnishings
1,203.52,54.9504,California,Appliances
1,100.94,33.310199999999995,Delaware,Appliances
1,383.8,38.37999999999998,California,Chairs
1,160.92999999999998,3.2186000000000092,New York,Phones
1,5.5600000000000005,1.7374999999999998,California,Phones
1,217.85,65.35499999999999,California,Storage
1,32.48,4.872,Washington,Storage
1,20.04,9.6192,Washington,Paper
1,13999.96,6719.980799999999,Washington,Copiers
1,14.190000000000001,5.534100000000001,Washington,Furnishings
1,199.98,75.9924,Washington,Accessories
1,144.96,60.8832,Washington,Accessories
1,118.0,20.059999999999988,Washington,Accessories
1,48.94,24.47,Washington,Paper
1,22.66,9.743800000000002,Washington,Appliances
1,1049.2,272.79200000000003,California,Furnishings
1,166.44,79.8912,Massachusetts,Paper
1,785.8799999999999,212.18759999999997,Massachusetts,Chairs
1,26.2,12.838,Massachusetts,Paper
1,1325.8500000000001,238.6529999999999,Massachusetts,Storage
1,71.976,8.99699999999999,California,Phones
1,8.56,3.8519999999999994,California,Paper
1,2518.29,654.7553999999999,California,Appliances
1,540.5699999999999,140.5482,California,Storage
1,494.3760000000001,49.437599999999975,California,Phones
1,248.85000000000002,27.373499999999993,California,Accessories
1,36.24,15.2208,California,Accessories
1,454.27200000000005,-73.81920000000005,California,Chairs
1,154.9,69.705,California,Paper
1,26.38,12.134799999999998,New York,Paper
1,71.97,16.553099999999993,New York,Furnishings
1,204.95000000000002,100.4255,California,Paper
1,119.98,57.5904,California,Accessories
1,70.67999999999999,31.099200000000003,Washington,Furnishings
1,541.24,5.412400000000048,Washington,Storage
1,19.98,9.3906,California,Paper
1,323.136,20.196000000000012,California,Chairs
1,1295.8400000000001,145.78199999999993,California,Phones
1,46.84,12.646799999999999,California,Storage
1,282.84,19.79879999999997,California,Furnishings
1,44.75,8.502499999999994,California,Accessories
1,11.96,5.382,California,Paper
1,170.35200000000003,-17.035200000000003,California,Chairs
1,526.45,31.58699999999996,Indiana,Furnishings
1,272.646,18.176400000000008,New York,Chairs
1,212.8,95.75999999999999,New York,Accessories
1,38.52,18.104400000000002,New York,Paper
1,72.64,21.791999999999994,New York,Accessories
1,45.4,12.712000000000003,New York,Storage
1,13.76,6.329599999999999,New York,Paper
1,80.991,8.099099999999988,New York,Chairs
1,2888.1270000000004,609.7157,New York,Chairs
1,1299.66,350.9082000000001,New York,Phones
1,2254.41,375.735,New York,Chairs
1,104.85000000000001,28.309500000000007,New York,Phones
1,59.97,20.389799999999994,New York,Accessories
1,199.99,85.99570000000001,California,Accessories
1,207.144,48.333599999999976,Michigan,Appliances
1,61.584,-6.928200000000004,Washington,Chairs
1,41.94,15.098399999999998,Washington,Accessories
1,52.792,4.619300000000003,Washington,Phones
1,208.56,52.139999999999986,New York,Storage
1,32.400000000000006,15.552000000000001,New York,Paper
1,319.41,7.098000000000006,New York,Chairs
1,14.56,6.9888,New York,Paper
1,30.0,3.3000000000000007,New York,Accessories
1,122.97,60.255300000000005,Massachusetts,Paper
1,59.97,28.785599999999995,Massachusetts,Phones
1,81.54,36.693,Massachusetts,Paper
1,144.784,10.858800000000002,California,Chairs
1,50.04,25.02,California,Paper
1,2.91,1.3677,Indiana,Furnishings
1,30.98,13.940999999999999,California,Paper
1,119.96,25.191599999999994,California,Accessories
1,363.92,-31.843000000000018,California,Chairs
1,50.22,2.0087999999999973,California,Storage
1,83.42,24.191799999999994,California,Appliances
1,15.700000000000001,7.0649999999999995,California,Paper
1,213.48000000000002,16.01099999999998,California,Phones
